volunteer_id,org_id,date,hours
768396c6-10e9,9330,2021-02-18 00:00:00,5
76839a18-10e9,2465,2021-09-20 00:00:00,2
76839bb2-10e9,9269,2022-09-11 00:00:00,4
76839b9e-10e9,86,2022-01-30 00:00:00,7
76839b3a-10e9,7026,2016-06-02 00:00:00,1
76836e58-10e9,3368,2020-07-10 00:00:00,9
76839996-10e9,5949,2018-08-25 00:00:00,9
76839860-10e9,4743,2021-03-06 00:00:00,7
768396d0-10e9,5871,2019-04-15 00:00:00,2
7683943c-10e9,86,2018-04-12 00:00:00,5
76839982-10e9,9023,2019-07-30 00:00:00,6
76837164-10e9,8255,2019-04-12 00:00:00,9
76839662-10e9,7647,2022-10-01 00:00:00,2
768371c8-10e9,4743,2016-11-09 00:00:00,1
7683973e-10e9,7594,2022-10-15 00:00:00,7
7683754c-10e9,370,2019-08-17 00:00:00,3
768394dc-10e9,8083,2023-01-06 00:00:00,6
76836dc2-10e9,957,2016-09-19 00:00:00,1
7683729a-10e9,957,2019-04-13 00:00:00,5
76839450-10e9,5949,2023-04-18 00:00:00,5
76836f48-10e9,7150,2020-11-13 00:00:00,5
76836f2a-10e9,3149,2019-08-28 00:00:00,5
76837394-10e9,1219,2017-08-09 00:00:00,8
76836db8-10e9,5001,2022-02-24 00:00:00,6
76837100-10e9,7067,2020-05-06 00:00:00,7
76839ae0-10e9,8858,2022-09-04 00:00:00,6
76837204-10e9,9985,2021-07-23 00:00:00,1
76837010-10e9,7647,2022-05-28 00:00:00,8
768399be-10e9,6154,2017-02-25 00:00:00,8
768373ee-10e9,2719,2018-09-09 00:00:00,7
76839a18-10e9,9269,2021-06-16 00:00:00,8
768396b2-10e9,4479,2022-12-08 00:00:00,6
768395cc-10e9,9703,2021-10-06 00:00:00,8
7683754c-10e9,8749,2019-06-19 00:00:00,3
76839676-10e9,8268,2021-09-22 00:00:00,4
768393ba-10e9,8613,2023-05-19 00:00:00,6
7683990a-10e9,1626,2018-11-25 00:00:00,9
76839482-10e9,8450,2022-05-30 00:00:00,7
768373bc-10e9,9116,2023-02-10 00:00:00,6
76836fd4-10e9,7150,2022-02-07 00:00:00,2
768373ee-10e9,6634,2021-02-27 00:00:00,7
76837484-10e9,4001,2020-04-29 00:00:00,3
76837628-10e9,8858,2018-07-11 00:00:00,4
768399a0-10e9,7067,2022-10-13 00:00:00,5
7683725e-10e9,2542,2017-11-21 00:00:00,3
76839b94-10e9,5003,2018-09-17 00:00:00,5
7683727c-10e9,5208,2021-01-01 00:00:00,9
76836d86-10e9,2876,2019-03-31 00:00:00,4
7683706a-10e9,8749,2022-08-24 00:00:00,5
76837272-10e9,6797,2022-05-14 00:00:00,1
76836d7c-10e9,454,2018-11-25 00:00:00,9
76839a7c-10e9,131,2019-04-13 00:00:00,6
76836fde-10e9,578,2020-08-07 00:00:00,8
76836f0c-10e9,5432,2017-07-14 00:00:00,5
768397c0-10e9,7609,2018-08-02 00:00:00,3
768374ca-10e9,9413,2017-03-28 00:00:00,1
768372e0-10e9,4563,2018-04-12 00:00:00,6
768393e2-10e9,9590,2017-03-20 00:00:00,4
76839842-10e9,9750,2022-06-25 00:00:00,5
76839a22-10e9,7989,2022-05-02 00:00:00,6
768373b2-10e9,9985,2021-01-27 00:00:00,4
768371c8-10e9,8721,2022-07-07 00:00:00,5
7683963a-10e9,6758,2022-04-11 00:00:00,8
768370f6-10e9,8828,2021-07-23 00:00:00,9
76839702-10e9,7594,2019-08-21 00:00:00,2
7683972a-10e9,9413,2016-07-31 00:00:00,8
76839676-10e9,2542,2020-08-24 00:00:00,3
76836ebc-10e9,3010,2017-03-11 00:00:00,9
7683704c-10e9,9413,2022-10-13 00:00:00,4
76836f8e-10e9,1626,2017-03-23 00:00:00,9
76836f48-10e9,6237,2022-08-05 00:00:00,8
768371b4-10e9,8721,2019-02-19 00:00:00,9
768393e2-10e9,257,2022-04-11 00:00:00,8
76836db8-10e9,5135,2023-01-07 00:00:00,7
768399dc-10e9,7989,2023-01-19 00:00:00,9
76837218-10e9,9413,2023-01-14 00:00:00,5
76839ac2-10e9,682,2016-03-09 00:00:00,9
76839ae0-10e9,60,2016-12-09 00:00:00,1
76836da4-10e9,139,2018-02-04 00:00:00,7
76837592-10e9,9162,2017-06-19 00:00:00,8
76836f7a-10e9,6154,2022-01-01 00:00:00,1
7683975c-10e9,370,2022-09-03 00:00:00,7
768395ea-10e9,7609,2022-02-13 00:00:00,6
768393e2-10e9,8083,2019-10-01 00:00:00,8
76836ebc-10e9,3236,2017-12-07 00:00:00,2
76839784-10e9,7594,2016-09-09 00:00:00,9
76837222-10e9,9330,2022-10-21 00:00:00,9
76837466-10e9,5208,2018-08-01 00:00:00,1
7683722c-10e9,8721,2022-12-16 00:00:00,5
76837600-10e9,2042,2022-12-08 00:00:00,6
7683736c-10e9,9413,2020-07-10 00:00:00,2
76839702-10e9,5949,2022-05-13 00:00:00,6
7683729a-10e9,3236,2023-04-30 00:00:00,8
768371be-10e9,1994,2022-05-14 00:00:00,8
76837128-10e9,9116,2022-08-11 00:00:00,3
76839b94-10e9,490,2018-05-16 00:00:00,7
768395cc-10e9,3010,2019-05-21 00:00:00,6
76836e1c-10e9,7594,2023-01-19 00:00:00,2
76839996-10e9,3368,2022-04-11 00:00:00,5
76836dc2-10e9,682,2023-05-10 00:00:00,5
76839694-10e9,2745,2019-03-21 00:00:00,3
76839b94-10e9,8625,2020-01-16 00:00:00,7
76836f34-10e9,8255,2019-08-21 00:00:00,4
768399be-10e9,7594,2021-02-22 00:00:00,2
768373da-10e9,4563,2020-08-01 00:00:00,1
7683740c-10e9,2507,2021-02-24 00:00:00,5
76837010-10e9,3393,2022-02-23 00:00:00,1
768373f8-10e9,4080,2019-10-01 00:00:00,9
76836eb2-10e9,222,2021-02-22 00:00:00,4
7683955e-10e9,139,2017-08-09 00:00:00,9
76836f52-10e9,2465,2017-09-30 00:00:00,4
7683959a-10e9,2465,2022-04-11 00:00:00,4
76839626-10e9,9985,2016-08-26 00:00:00,1
76839720-10e9,9116,2017-06-19 00:00:00,2
76839806-10e9,7067,2016-05-04 00:00:00,8
76836f48-10e9,8613,2019-04-13 00:00:00,1
76837574-10e9,1626,2016-01-16 00:00:00,9
768394e6-10e9,2507,2019-01-02 00:00:00,2
76837056-10e9,682,2021-06-22 00:00:00,5
768375e2-10e9,5018,2023-03-05 00:00:00,4
7683738a-10e9,480,2023-03-01 00:00:00,7
76837556-10e9,9313,2016-08-09 00:00:00,3
7683731c-10e9,3393,2020-06-12 00:00:00,5
7683715a-10e9,5001,2020-10-20 00:00:00,9
76837092-10e9,9985,2018-07-04 00:00:00,8
76839504-10e9,6634,2022-02-07 00:00:00,7
7683955e-10e9,1368,2017-10-29 00:00:00,9
768374d4-10e9,5018,2020-06-12 00:00:00,3
768397c0-10e9,801,2020-08-24 00:00:00,6
768397c0-10e9,9762,2020-08-22 00:00:00,2
76836dc2-10e9,2230,2022-04-24 00:00:00,8
76836f0c-10e9,8828,2018-09-25 00:00:00,7
76836f5c-10e9,4001,2017-09-22 00:00:00,8
76837506-10e9,578,2017-08-02 00:00:00,1
76839842-10e9,8268,2023-01-20 00:00:00,4
7683713c-10e9,5135,2020-08-13 00:00:00,4
768398ec-10e9,3368,2019-02-14 00:00:00,8
76837010-10e9,6221,2019-04-27 00:00:00,1
7683993c-10e9,490,2017-11-21 00:00:00,6
76839540-10e9,8536,2016-04-28 00:00:00,3
76839b3a-10e9,8858,2020-07-08 00:00:00,9
768399be-10e9,4132,2017-07-14 00:00:00,5
7683706a-10e9,2230,2020-05-22 00:00:00,3
76836f5c-10e9,7067,2021-03-16 00:00:00,4
76836e94-10e9,578,2020-09-13 00:00:00,2
76836da4-10e9,3016,2019-01-07 00:00:00,2
768398d8-10e9,2465,2017-01-04 00:00:00,9
768395e0-10e9,370,2021-02-23 00:00:00,8
768399dc-10e9,9330,2021-07-30 00:00:00,9
76839a18-10e9,3236,2020-10-29 00:00:00,5
76839748-10e9,9985,2022-03-05 00:00:00,9
768397ac-10e9,5001,2018-08-16 00:00:00,9
76837484-10e9,3236,2021-02-22 00:00:00,7
768397e8-10e9,1994,2020-05-16 00:00:00,4
76839702-10e9,8828,2022-12-16 00:00:00,6
76837434-10e9,2719,2016-11-04 00:00:00,8
76837092-10e9,7150,2019-03-23 00:00:00,6
76839928-10e9,6279,2018-08-22 00:00:00,3
768393ce-10e9,6221,2019-04-09 00:00:00,2
7683989c-10e9,3016,2020-12-18 00:00:00,5
7683945a-10e9,9313,2016-01-16 00:00:00,2
76837178-10e9,5135,2017-11-09 00:00:00,9
7683704c-10e9,6758,2022-07-07 00:00:00,9
7683734e-10e9,1368,2022-04-11 00:00:00,4
768398ba-10e9,9162,2018-09-23 00:00:00,5
76839540-10e9,4132,2022-09-11 00:00:00,4
768396ee-10e9,4001,2018-08-26 00:00:00,3
768393ce-10e9,2042,2016-09-07 00:00:00,7
768373b2-10e9,8312,2022-10-13 00:00:00,4
76839afe-10e9,7026,2021-12-28 00:00:00,9
768397ca-10e9,3393,2022-02-12 00:00:00,6
768374a2-10e9,6279,2019-04-15 00:00:00,9
76837394-10e9,9413,2021-07-01 00:00:00,1
76839586-10e9,4971,2019-09-21 00:00:00,2
76839536-10e9,222,2017-02-20 00:00:00,9
768399be-10e9,8312,2018-12-08 00:00:00,6
768372b8-10e9,9750,2017-05-27 00:00:00,8
76839a90-10e9,490,2022-07-17 00:00:00,6
76839a22-10e9,8721,2019-05-10 00:00:00,5
768371e6-10e9,8255,2017-11-21 00:00:00,3
76837416-10e9,2072,2020-08-25 00:00:00,3
768396e4-10e9,9269,2017-05-31 00:00:00,4
76839a90-10e9,8749,2020-09-06 00:00:00,9
7683961c-10e9,3393,2018-08-01 00:00:00,7
76839b3a-10e9,4001,2022-10-08 00:00:00,1
76839414-10e9,8613,2022-12-05 00:00:00,1
7683972a-10e9,9590,2016-04-28 00:00:00,8
76839928-10e9,5949,2020-03-25 00:00:00,2
76837092-10e9,1994,2018-12-12 00:00:00,9
768397fc-10e9,7026,2023-05-10 00:00:00,4
768374e8-10e9,7989,2019-11-06 00:00:00,2
768397a2-10e9,1461,2019-07-23 00:00:00,6
768398d8-10e9,9590,2018-08-22 00:00:00,9
76837196-10e9,139,2021-08-23 00:00:00,9
768397fc-10e9,8536,2023-04-30 00:00:00,7
76839b44-10e9,8536,2018-09-23 00:00:00,1
76839676-10e9,4001,2021-12-06 00:00:00,1
76839a54-10e9,4563,2017-06-19 00:00:00,4
76837510-10e9,8450,2019-08-14 00:00:00,5
76837524-10e9,2719,2022-04-14 00:00:00,3
76839b12-10e9,1994,2016-07-01 00:00:00,3
768372ae-10e9,6237,2016-07-24 00:00:00,7
768399fa-10e9,4743,2019-03-21 00:00:00,2
76839996-10e9,578,2017-03-28 00:00:00,1
76839784-10e9,3368,2020-09-10 00:00:00,6
768372d6-10e9,490,2016-04-28 00:00:00,1
76839ad6-10e9,8828,2020-08-22 00:00:00,5
7683740c-10e9,8255,2016-11-04 00:00:00,6
768399dc-10e9,8858,2016-01-18 00:00:00,4
768399d2-10e9,8858,2020-06-12 00:00:00,7
76837646-10e9,6758,2016-06-06 00:00:00,9
7683954a-10e9,3010,2021-12-31 00:00:00,8
7683986a-10e9,4479,2021-12-15 00:00:00,7
76839842-10e9,86,2020-11-15 00:00:00,9
76837146-10e9,2072,2017-08-09 00:00:00,4
76836de0-10e9,9762,2020-03-25 00:00:00,9
76836ffc-10e9,5018,2018-10-01 00:00:00,9
76836f2a-10e9,257,2021-12-26 00:00:00,8
76839af4-10e9,578,2016-05-02 00:00:00,5
76839784-10e9,7607,2022-04-14 00:00:00,1
76837290-10e9,7067,2021-02-23 00:00:00,4
76839b30-10e9,222,2016-04-28 00:00:00,5
76839608-10e9,8613,2019-08-21 00:00:00,1
76839bb2-10e9,4001,2016-04-13 00:00:00,5
76836e1c-10e9,2042,2020-04-29 00:00:00,2
76836f98-10e9,2042,2019-03-21 00:00:00,7
76836e12-10e9,6279,2018-08-02 00:00:00,6
76836ed0-10e9,6634,2020-12-03 00:00:00,6
768375ec-10e9,6539,2021-06-22 00:00:00,5
76836f98-10e9,7647,2018-06-29 00:00:00,6
76839694-10e9,8117,2016-08-09 00:00:00,8
7683995a-10e9,7026,2016-09-07 00:00:00,5
76836fb6-10e9,6539,2017-01-27 00:00:00,3
76839ac2-10e9,6221,2017-08-09 00:00:00,8
768395c2-10e9,2507,2019-05-15 00:00:00,4
76839b3a-10e9,6758,2023-02-27 00:00:00,3
76836f2a-10e9,8828,2018-06-03 00:00:00,2
768373ee-10e9,5600,2022-10-10 00:00:00,9
7683954a-10e9,2507,2018-05-29 00:00:00,1
76837240-10e9,5018,2016-06-06 00:00:00,1
768373ee-10e9,3010,2021-10-14 00:00:00,6
76837358-10e9,9330,2022-11-06 00:00:00,2
768396e4-10e9,7607,2017-02-20 00:00:00,8
768394c8-10e9,8083,2019-03-04 00:00:00,6
76839676-10e9,5208,2022-07-07 00:00:00,5
76836f7a-10e9,6989,2018-11-20 00:00:00,3
768373da-10e9,8858,2018-11-25 00:00:00,9
768374a2-10e9,6154,2019-09-06 00:00:00,8
7683722c-10e9,7647,2018-07-22 00:00:00,2
768372ae-10e9,8613,2023-03-01 00:00:00,4
768395e0-10e9,8625,2022-01-14 00:00:00,3
76837466-10e9,8625,2023-01-21 00:00:00,4
76836d7c-10e9,4971,2019-05-30 00:00:00,7
768373ee-10e9,7026,2022-04-11 00:00:00,8
76836d2c-10e9,257,2020-09-23 00:00:00,6
76839540-10e9,139,2021-10-14 00:00:00,5
76837092-10e9,801,2021-12-16 00:00:00,5
768396ee-10e9,3236,2019-01-31 00:00:00,5
76839658-10e9,3236,2023-01-20 00:00:00,7
76839ad6-10e9,1368,2021-10-08 00:00:00,9
768375b0-10e9,8828,2021-11-04 00:00:00,9
768398ec-10e9,4080,2016-09-12 00:00:00,1
76839aa4-10e9,6279,2020-01-05 00:00:00,4
76836eee-10e9,5001,2022-12-16 00:00:00,4
76837588-10e9,8858,2022-05-30 00:00:00,3
768395fe-10e9,6797,2016-01-21 00:00:00,7
768397e8-10e9,8858,2018-07-25 00:00:00,7
768370f6-10e9,3010,2018-05-17 00:00:00,6
7683763c-10e9,6221,2021-01-08 00:00:00,5
76839946-10e9,3027,2020-05-03 00:00:00,7
76837470-10e9,9750,2016-11-11 00:00:00,1
76839a5e-10e9,6758,2022-10-10 00:00:00,6
76836dc2-10e9,1368,2019-11-06 00:00:00,1
76836e4e-10e9,1461,2018-10-03 00:00:00,3
76837010-10e9,9313,2016-06-14 00:00:00,7
7683986a-10e9,7609,2016-06-09 00:00:00,5
7683955e-10e9,8117,2019-06-19 00:00:00,5
768396ee-10e9,7609,2020-06-10 00:00:00,5
76837218-10e9,222,2022-10-15 00:00:00,7
7683761e-10e9,8268,2020-11-21 00:00:00,8
768393e2-10e9,7067,2022-11-21 00:00:00,7
768397c0-10e9,4563,2021-07-29 00:00:00,6
76837506-10e9,2072,2017-09-22 00:00:00,2
76839b44-10e9,682,2017-08-02 00:00:00,4
7683707e-10e9,6634,2020-12-03 00:00:00,1
76839a9a-10e9,5349,2018-09-09 00:00:00,1
768399be-10e9,1461,2016-04-13 00:00:00,1
76837592-10e9,9703,2022-06-06 00:00:00,2
768372f4-10e9,4080,2022-07-07 00:00:00,8
76839414-10e9,5871,2018-03-17 00:00:00,3
76836e80-10e9,9750,2021-09-22 00:00:00,7
76839680-10e9,5003,2019-01-09 00:00:00,6
76839b44-10e9,131,2023-04-28 00:00:00,1
7683736c-10e9,8721,2022-07-29 00:00:00,1
7683954a-10e9,222,2020-12-12 00:00:00,3
7683752e-10e9,8312,2017-02-05 00:00:00,7
76839af4-10e9,4001,2018-02-04 00:00:00,9
768398d8-10e9,1626,2017-03-28 00:00:00,3
76839694-10e9,9116,2020-10-18 00:00:00,9
76837092-10e9,5001,2020-02-21 00:00:00,5
76839bbc-10e9,9590,2022-09-03 00:00:00,2
76836ef8-10e9,8255,2021-01-06 00:00:00,6
768398a6-10e9,60,2019-09-13 00:00:00,9
76837312-10e9,9330,2018-04-05 00:00:00,8
768373b2-10e9,6221,2018-07-25 00:00:00,5
768371be-10e9,5871,2020-06-29 00:00:00,6
76839568-10e9,3236,2021-06-27 00:00:00,1
76837178-10e9,9162,2017-12-03 00:00:00,4
7683742a-10e9,7150,2022-06-08 00:00:00,1
76837574-10e9,4563,2018-11-19 00:00:00,1
76837182-10e9,801,2016-04-28 00:00:00,2
76839900-10e9,5001,2023-04-10 00:00:00,5
768375b0-10e9,2620,2020-06-12 00:00:00,6
76839bbc-10e9,257,2020-08-13 00:00:00,8
76839806-10e9,6539,2019-07-30 00:00:00,2
768371be-10e9,8117,2017-01-03 00:00:00,4
76837204-10e9,5003,2022-02-23 00:00:00,6
7683761e-10e9,5135,2016-01-16 00:00:00,1
76836fb6-10e9,8450,2022-11-06 00:00:00,9
76837556-10e9,9590,2019-04-15 00:00:00,2
768395fe-10e9,5003,2022-05-28 00:00:00,7
7683734e-10e9,4080,2021-02-25 00:00:00,8
768395a4-10e9,9014,2022-07-07 00:00:00,5
76837600-10e9,1994,2022-07-17 00:00:00,8
768374a2-10e9,2072,2020-03-25 00:00:00,6
7683704c-10e9,131,2021-11-09 00:00:00,2
768373f8-10e9,1368,2017-05-27 00:00:00,3
76839626-10e9,3368,2016-06-14 00:00:00,9
768374ca-10e9,4563,2016-01-10 00:00:00,3
76837524-10e9,5432,2019-05-15 00:00:00,5
7683982e-10e9,5135,2018-11-05 00:00:00,4
76836f0c-10e9,5018,2017-10-10 00:00:00,3
76839536-10e9,8625,2018-07-11 00:00:00,5
76836ebc-10e9,257,2022-07-12 00:00:00,3
76836da4-10e9,8536,2016-03-25 00:00:00,1
768372f4-10e9,578,2016-10-24 00:00:00,2
76836d40-10e9,8117,2019-12-08 00:00:00,1
76836cdc-10e9,7609,2022-11-21 00:00:00,9
76837164-10e9,9703,2020-11-08 00:00:00,9
76837240-10e9,8749,2022-02-12 00:00:00,4
76839a54-10e9,9330,2016-10-24 00:00:00,7
768399b4-10e9,7026,2016-03-04 00:00:00,9
76837164-10e9,139,2022-08-03 00:00:00,7
76839928-10e9,2620,2021-04-15 00:00:00,4
768394be-10e9,1461,2018-10-07 00:00:00,4
76837056-10e9,7607,2020-09-27 00:00:00,8
76839a9a-10e9,480,2022-05-13 00:00:00,8
76839784-10e9,578,2019-04-09 00:00:00,8
76836eda-10e9,2465,2019-04-02 00:00:00,3
76839b9e-10e9,801,2017-07-14 00:00:00,4
76836f16-10e9,6634,2016-09-09 00:00:00,1
7683738a-10e9,1994,2016-09-09 00:00:00,7
768372ae-10e9,6154,2023-01-21 00:00:00,2
768371a0-10e9,490,2019-12-08 00:00:00,6
7683990a-10e9,2745,2021-04-15 00:00:00,3
7683946e-10e9,6539,2021-02-25 00:00:00,3
76834c34-10e9,222,2022-06-27 00:00:00,8
76839a04-10e9,957,2018-08-16 00:00:00,9
76836dd6-10e9,3010,2023-04-23 00:00:00,4
76837146-10e9,454,2018-07-11 00:00:00,4
76839aa4-10e9,6414,2017-01-03 00:00:00,4
768395a4-10e9,957,2023-03-10 00:00:00,1
76839608-10e9,9750,2016-11-11 00:00:00,6
76837466-10e9,8858,2016-08-26 00:00:00,6
7683740c-10e9,7026,2023-03-15 00:00:00,4
76837628-10e9,7150,2018-07-22 00:00:00,2
768399d2-10e9,7647,2016-03-25 00:00:00,4
768375b0-10e9,8625,2016-07-20 00:00:00,5
768398ec-10e9,1219,2019-07-23 00:00:00,7
76839ab8-10e9,7594,2022-02-20 00:00:00,9
76836e58-10e9,3368,2022-12-08 00:00:00,7
76836d4a-10e9,4971,2018-08-22 00:00:00,3
7683945a-10e9,9703,2021-10-14 00:00:00,6
768393e2-10e9,1626,2017-12-14 00:00:00,7
76837588-10e9,7647,2022-12-05 00:00:00,3
76837290-10e9,2465,2018-05-02 00:00:00,4
76836dc2-10e9,222,2023-04-23 00:00:00,2
7683986a-10e9,4373,2020-05-25 00:00:00,8
768397ac-10e9,8117,2021-12-15 00:00:00,8
768396ee-10e9,2230,2020-05-22 00:00:00,7
76836f0c-10e9,5432,2016-06-09 00:00:00,6
7683981a-10e9,4971,2017-12-25 00:00:00,1
7683991e-10e9,5600,2020-12-18 00:00:00,1
768398d8-10e9,571,2023-02-27 00:00:00,3
7683763c-10e9,9313,2020-12-12 00:00:00,7
768370f6-10e9,1368,2016-03-09 00:00:00,6
768398c4-10e9,454,2017-10-24 00:00:00,5
76839518-10e9,6797,2020-09-06 00:00:00,5
76839b62-10e9,7647,2018-04-05 00:00:00,9
7683948c-10e9,9330,2017-03-28 00:00:00,5
76839ab8-10e9,9269,2018-09-17 00:00:00,7
76837434-10e9,2465,2017-02-05 00:00:00,9
76837574-10e9,8625,2019-07-23 00:00:00,9
76839946-10e9,682,2021-11-09 00:00:00,7
768370ce-10e9,7026,2017-10-24 00:00:00,9
768373bc-10e9,4080,2019-08-21 00:00:00,3
76837178-10e9,454,2022-08-15 00:00:00,9
76836f98-10e9,4971,2016-09-09 00:00:00,1
76839414-10e9,6221,2019-09-10 00:00:00,3
76836e58-10e9,139,2021-09-18 00:00:00,9
768399d2-10e9,7026,2019-03-31 00:00:00,5
768374f2-10e9,8625,2019-02-01 00:00:00,5
76837100-10e9,571,2022-07-29 00:00:00,6
76839608-10e9,6797,2022-10-08 00:00:00,3
7683972a-10e9,1994,2017-03-28 00:00:00,6
76839608-10e9,2620,2017-08-08 00:00:00,8
7683748e-10e9,8625,2018-04-17 00:00:00,6
76836d4a-10e9,3010,2018-02-04 00:00:00,9
76839806-10e9,1994,2017-03-28 00:00:00,1
7683701a-10e9,454,2019-10-01 00:00:00,2
76837178-10e9,2507,2017-04-24 00:00:00,1
7683715a-10e9,9750,2018-10-07 00:00:00,4
7683959a-10e9,682,2023-04-10 00:00:00,2
76839a72-10e9,2745,2016-08-26 00:00:00,7
76836d68-10e9,4971,2019-11-06 00:00:00,8
7683706a-10e9,5018,2019-04-13 00:00:00,1
768393f6-10e9,3393,2018-07-04 00:00:00,5
76836e3a-10e9,5135,2017-02-18 00:00:00,2
76836f48-10e9,60,2017-09-26 00:00:00,7
7683727c-10e9,60,2022-09-15 00:00:00,2
768371c8-10e9,6237,2022-02-07 00:00:00,3
768396c6-10e9,2719,2021-08-21 00:00:00,4
7683989c-10e9,3236,2019-01-02 00:00:00,6
A4RWNF29UP,A0MLEV9LBZ,2019-02-17 00:00:00,7
U5F15SH2RF,3AMHKX1TDX,2019-08-28 00:00:00,2
S7NGZTVGE8,N3HB23HN5J,2018-11-29 00:00:00,7
3CK2SE7E3M,0G6CRVHLVP,2023-05-02 00:00:00,6
BV5PEWNV2M,0J7J0AV6G0,2020-09-16 00:00:00,3
SB9FUZF491,RRMHM0DUH4,2023-03-25 00:00:00,2
B7GG7GL9G9,XCB13U4R0R,2020-07-02 00:00:00,2
LELY53KYG0,HPX7R920RM,2019-05-12 00:00:00,4
CD59AR6X85,T09XXCP880,2020-11-28 00:00:00,3
CS5AHWYKEM,753XBREFE1,2022-12-20 00:00:00,4
C2HZLRP7LB,BV6E0SCK2B,2021-11-29 00:00:00,2
S7NGZTVGE8,HPX7R920RM,2018-09-19 00:00:00,7
0HTC2F33SL,LFF8MMCRCX,2018-08-30 00:00:00,6
GFKB4KDJ9U,7S4TGGSSER,2018-08-30 00:00:00,3
HMCT9M1SFJ,SY105DC046,2023-05-27 00:00:00,2
Y968ZJ6SNB,MZ1PLBFMSK,2020-04-23 00:00:00,6
D1P30TA1VC,41N1J2CDW5,2019-04-23 00:00:00,7
4GYDE8RTN7,GLDMRC7NCH,2019-10-08 00:00:00,2
6373B9TGR3,FHYTGN4VVU,2023-01-27 00:00:00,6
PK4WT59J76,ECS4ZW7K9Z,2023-03-01 00:00:00,4
65UNZJRF8N,PR9U8DYTBY,2019-01-22 00:00:00,3
HMCT9M1SFJ,MTF1SVFP26,2018-05-11 00:00:00,4
XZZN8MLHPX,EGU86RCKUJ,2023-05-01 00:00:00,6
MXV9YV0RYP,8A0HEJHZ2T,2021-12-08 00:00:00,4
98NV7WFLBC,KX55TB3MP9,2023-03-01 00:00:00,4
7R2KLAS8FM,XAUG7NA6Z7,2019-08-10 00:00:00,5
8A3RLD9KFF,78YG4XVRUW,2018-03-31 00:00:00,4
ATSYYAVUYU,NUVF58R6KA,2019-04-17 00:00:00,6
2BNGSU98UK,2VLPLTZ7XE,2019-12-08 00:00:00,6
YRG9E2YZ3W,Y9WV13L78A,2019-04-15 00:00:00,7
M1V07CJZTH,3S63NJMRPY,2020-06-29 00:00:00,6
77XUWYT8VJ,58YVR7UD2D,2021-06-17 00:00:00,4
KZX00W00WP,ATSYYAVUYU,2019-11-18 00:00:00,6
DVH25BLWE3,D37ULNT3EL,2020-09-16 00:00:00,4
909NHYB68Z,KVF7NFA802,2019-10-17 00:00:00,7
MXR7LM7J4C,Y15UBG61SE,2023-03-01 00:00:00,2
HH3638TB08,XZZN8MLHPX,2020-07-12 00:00:00,4
0TTF04TT90,DM0PV58UER,2018-07-16 00:00:00,7
Y049XNVZCJ,UCV6XN2D3D,2018-11-29 00:00:00,2
SGW0868RUF,U72P04K3TK,2023-02-27 00:00:00,3
SYHFEGSDAB,C5WG3YZPFJ,2018-11-29 00:00:00,5
FR0WPW08K3,6J3D30Y2BG,2022-05-28 00:00:00,3
S7NGZTVGE8,7M6CBSVED2,2021-08-03 00:00:00,4
CD59AR6X85,EETUTPN5NY,2022-03-08 00:00:00,5
5EJTX2HZBK,TGXHACAHYN,2019-10-08 00:00:00,6
N3Z7Y7WH12,SXAG91BM2Z,2021-02-15 00:00:00,7
Y9WV13L78A,2ASX11JNAV,2018-10-02 00:00:00,5
ZJZ0LMBC9V,400JT1UFGW,2021-10-11 00:00:00,4
9NZ3RB8M96,DU9D95WUVV,2022-03-17 00:00:00,4
41PEZMCUG1,SFHXGADC9C,2020-06-11 00:00:00,4
N3Z7Y7WH12,909NHYB68Z,2021-01-05 00:00:00,4
742AHT0C89,U5F15SH2RF,2020-11-05 00:00:00,6
58YVR7UD2D,8RXN9B8BDL,2019-11-11 00:00:00,2
CA0ZFYLYS1,BBZKB18L68,2018-03-14 00:00:00,6
5W012Z9G1E,YK6Y1W50XB,2021-10-28 00:00:00,7
H8SHNM03Z6,1AVDWDP10C,2021-05-01 00:00:00,3
TE3L1H3E8G,SKDXUCNF4G,2023-02-21 00:00:00,4
K8982GVPLV,WBDASMSGST,2021-05-12 00:00:00,2
EC8AELEEME,BPJ5YMTM7G,2019-02-13 00:00:00,5
HND65BYP52,2ASX11JNAV,2020-01-02 00:00:00,6
E0BT89BVGD,KD5PDJKXS1,2022-03-08 00:00:00,2
0J6G3W39U7,FN4DVMXGBB,2022-08-10 00:00:00,7
L4Z6BJWVPB,400JT1UFGW,2021-05-14 00:00:00,4
W771CZGL0Y,D37ULNT3EL,2023-02-08 00:00:00,3
GFKB4KDJ9U,NC34EYNB80,2019-11-13 00:00:00,7
EAHT6RPRM8,3SYL6VTPNB,2018-07-23 00:00:00,5
LBG83YW49G,JBW6EVXBFU,2021-06-26 00:00:00,2
T09XXCP880,L7ZBPVCXZ2,2018-08-02 00:00:00,3
6EF7XW9MWE,1NUD4A9T5S,2020-09-10 00:00:00,5
EGU86RCKUJ,XAUG7NA6Z7,2018-04-07 00:00:00,2
T3ZW1GUTPP,SYDRLMUW6J,2023-05-02 00:00:00,5
C07G3SDWC9,MSJBGV2NSA,2019-05-15 00:00:00,4
964YCCGB23,3S63NJMRPY,2020-07-02 00:00:00,7
PWWSZ2C0C0,HZH0B9CAVM,2023-04-09 00:00:00,2
7SR0YRPG2Z,SFWWV2RH7Y,2019-10-02 00:00:00,3
Y15UBG61SE,6J3D30Y2BG,2019-04-15 00:00:00,4
SY105DC046,PHXZ2J269V,2021-09-15 00:00:00,3
VEPJE8XYBS,SY105DC046,2018-06-23 00:00:00,3
A73LP8KC0C,C0FH3DR9UP,2018-08-30 00:00:00,3
SYK5HKGBFZ,1AVDWDP10C,2019-04-07 00:00:00,5
4RH7XGJ571,66L2D70464,2019-05-15 00:00:00,2
CGBPL8XE5B,MSJBGV2NSA,2018-09-26 00:00:00,7
7SR0YRPG2Z,TV7R6K63N9,2023-06-04 00:00:00,4
UKKDGDRVU5,8L79338BM0,2021-05-31 00:00:00,7
1AVDWDP10C,L175MUY250,2022-05-17 00:00:00,7
SYDRLMUW6J,W1HKN62JZ7,2023-05-15 00:00:00,2
YK6Y1W50XB,6EF7XW9MWE,2018-08-29 00:00:00,2
U8LHB1L4G5,YGPSXR293L,2021-11-29 00:00:00,4
MJ4N9ZKYD9,AJF4XTLDWL,2019-11-11 00:00:00,6
3XSMLG5CGB,ADZ2TL473M,2021-10-13 00:00:00,4
W771CZGL0Y,HPX7R920RM,2018-06-05 00:00:00,7
486LLPZ8K8,URSCMCK8AH,2019-08-26 00:00:00,5
VXYKF1PWWP,C2AT3B0JRS,2018-05-10 00:00:00,4
1YZXETGCNK,BJYSW21H9S,2018-10-04 00:00:00,5
8EL7GZZY35,3UFG1NF92Y,2022-01-16 00:00:00,4
3AMHKX1TDX,HZH0B9CAVM,2019-12-04 00:00:00,5
8713L8LE5P,BEWF5KA8LV,2022-03-17 00:00:00,2
H8SHNM03Z6,15304P21JD,2021-08-31 00:00:00,7
B7GG7GL9G9,SYHFEGSDAB,2019-03-01 00:00:00,4
DM9KPE3AVJ,3S63NJMRPY,2020-08-21 00:00:00,3
HZH0B9CAVM,1NUD4A9T5S,2022-04-05 00:00:00,6
7N6TJ1BNFC,A5AH5FR5FW,2023-04-09 00:00:00,7
WEL1HY4032,1AVDWDP10C,2021-05-15 00:00:00,5
WUB2VYPGM9,N9ZERD7ZZ3,2018-09-19 00:00:00,7
XUXNAR0JX5,583KYN0PA8,2019-03-12 00:00:00,6
YK6Y1W50XB,W9GMFP82XA,2019-10-17 00:00:00,6
ZGRUTJ3DFD,FH2SVRVV5F,2018-08-03 00:00:00,4
402XR80CPH,ZXJ363B1AK,2022-01-08 00:00:00,3
VS1D1NTUET,8RXN9B8BDL,2021-07-20 00:00:00,3
PKAL5TBC5R,ZGRUTJ3DFD,2020-07-13 00:00:00,5
RV1XMR88LF,KXAMSC8DSX,2019-03-01 00:00:00,4
HH3638TB08,2EE15TFZB3,2018-07-16 00:00:00,7
U8LHB1L4G5,909NHYB68Z,2019-07-20 00:00:00,4
402XR80CPH,ZXJ363B1AK,2019-12-03 00:00:00,3
B66PN0TZRB,AYJW7VTCMK,2018-01-29 00:00:00,2
KXAMSC8DSX,H089MFG1HB,2020-12-15 00:00:00,6
EHR0EFH5C8,EC27V66NJ6,2019-10-17 00:00:00,7
SXAG91BM2Z,ZJZ0LMBC9V,2023-03-01 00:00:00,2
6PG4D20YTF,DXRE83Y847,2022-01-21 00:00:00,7
NK5L3P3EGH,TVMP5MKUDF,2019-11-07 00:00:00,6
E5GV8T55UC,RJK3DWY7C2,2019-03-27 00:00:00,5
17Z45189Z4,3TFY25YB8T,2022-07-05 00:00:00,6
964YCCGB23,G4LH9YTLUN,2020-04-05 00:00:00,4
BKNHPLY0ZV,DUG8BJS87Z,2023-05-01 00:00:00,5
78NMYD4TU4,MCB8BN56H3,2022-10-19 00:00:00,6
BBZKB18L68,MXR7LM7J4C,2020-10-24 00:00:00,7
RJK3DWY7C2,29MB0TUKV3,2020-09-09 00:00:00,5
ZPKZYUP06K,BCW5FZ1V60,2019-04-02 00:00:00,7
8A3RLD9KFF,Z17KGD9T4P,2021-12-08 00:00:00,6
REJ2A9B8K5,KVF7NFA802,2019-05-15 00:00:00,5
BV5PEWNV2M,JF31LD88Z2,2021-12-06 00:00:00,4
ADZ2TL473M,H8SHNM03Z6,2021-06-15 00:00:00,2
6F1AGEZKMH,C9M10KEZKC,2020-06-29 00:00:00,6
9H5AX52H31,NNHS4FZBA8,2018-10-12 00:00:00,3
92PD3V295C,29MB0TUKV3,2021-05-12 00:00:00,5
3VXH9TVK6B,20E4GKP362,2023-02-08 00:00:00,6
ESNKJKCHN9,3X9215U17G,2019-06-04 00:00:00,5
FFF3HN0R9R,65UNZJRF8N,2022-01-21 00:00:00,6
ZUP0DS669C,B7GG7GL9G9,2022-01-20 00:00:00,3
DLZ2GFG80W,D33XE863FE,2020-12-07 00:00:00,4
Y9WV13L78A,10ZJ2DRSXH,2020-06-17 00:00:00,3
486LLPZ8K8,8L79338BM0,2018-11-29 00:00:00,2
M1V07CJZTH,12UBUB3PF8,2022-12-20 00:00:00,7
U5F15SH2RF,EC27V66NJ6,2019-12-10 00:00:00,5
GLDMRC7NCH,ZJZ0LMBC9V,2023-01-27 00:00:00,4
XAUG7NA6Z7,RRMHM0DUH4,2023-02-21 00:00:00,7
BHJHUT38JS,32M54HYH31,2023-06-04 00:00:00,5
HH3638TB08,6F1AGEZKMH,2021-08-28 00:00:00,6
U72P04K3TK,B38DERTHFJ,2019-04-30 00:00:00,2
EK4YM1CVXU,PHXZ2J269V,2021-12-31 00:00:00,6
W771CZGL0Y,FFF3HN0R9R,2022-08-15 00:00:00,4
LAXNCEH8XB,T3ZW1GUTPP,2018-05-10 00:00:00,5
NSDJ34N1DJ,3UFG1NF92Y,2020-10-31 00:00:00,5
FR0WPW08K3,U72P04K3TK,2023-05-01 00:00:00,3
HH3638TB08,F1KD0RZHU1,2021-05-15 00:00:00,6
JBW6EVXBFU,32M54HYH31,2018-11-29 00:00:00,7
753XBREFE1,7HH1GDR6NG,2021-02-21 00:00:00,4
V38NW75HU2,F1KD0RZHU1,2020-11-26 00:00:00,7
5MRZJRBVB4,RD321G6RRS,2022-12-01 00:00:00,4
3VXH9TVK6B,TGXHACAHYN,2018-04-01 00:00:00,4
WEL1HY4032,20E4GKP362,2022-01-01 00:00:00,7
R5Y1VN084Y,VXV6C4GH08,2021-10-01 00:00:00,3
742AHT0C89,XDV0C8DFK3,2022-03-10 00:00:00,3
WEL1HY4032,0G6CRVHLVP,2019-04-15 00:00:00,7
PWWSZ2C0C0,N3HB23HN5J,2018-03-09 00:00:00,5
REJ2A9B8K5,Y968ZJ6SNB,2022-02-16 00:00:00,4
4SJ23RUM3H,MJ4N9ZKYD9,2020-09-21 00:00:00,6
SZS6HJFUDV,X4TTTHM4SE,2021-05-15 00:00:00,5
9LFN5ENN3F,FHYTGN4VVU,2018-08-03 00:00:00,4
D96TD2FUG8,MXV9YV0RYP,2019-05-15 00:00:00,7
T3ZW1GUTPP,58YVR7UD2D,2023-05-02 00:00:00,4
HND65BYP52,KNNLM2E2XU,2022-01-21 00:00:00,4
RD321G6RRS,7SR0YRPG2Z,2020-06-19 00:00:00,6
N5J6W0D5JG,2ASX11JNAV,2018-01-13 00:00:00,3
9LFN5ENN3F,58YVR7UD2D,2018-05-11 00:00:00,6
CD59AR6X85,YGPSXR293L,2019-09-30 00:00:00,5
WPBHJN195X,R5GMP56TSL,2022-11-05 00:00:00,5
REJ2A9B8K5,HPX7R920RM,2019-08-10 00:00:00,6
4SJ23RUM3H,AHELYR1NC0,2019-05-23 00:00:00,4
Z9T76CWJ4P,KVF7NFA802,2018-01-13 00:00:00,6
T09XXCP880,JBW6EVXBFU,2018-01-09 00:00:00,4
402XR80CPH,EGU86RCKUJ,2019-11-07 00:00:00,7
7VX31XTHNB,CGBPL8XE5B,2023-03-01 00:00:00,6
K8982GVPLV,T3ZW1GUTPP,2021-08-15 00:00:00,2
2BT0763BTU,PTCYR586F1,2023-06-15 00:00:00,7
U8LHB1L4G5,BEWF5KA8LV,2022-04-28 00:00:00,4
964YCCGB23,3VXH9TVK6B,2022-03-13 00:00:00,7
RU97CTG3B2,DU9D95WUVV,2021-07-20 00:00:00,3
4GYDE8RTN7,P3LG7LRFB7,2018-04-01 00:00:00,4
FCML8AJXPW,MCB8BN56H3,2018-02-20 00:00:00,4
9LFN5ENN3F,XBA6NXFNRN,2020-11-05 00:00:00,4
PK4WT59J76,X4TTTHM4SE,2018-04-13 00:00:00,5
HV41T4NYM3,FH2SVRVV5F,2021-02-08 00:00:00,6
U8LHB1L4G5,Y968ZJ6SNB,2020-04-05 00:00:00,6
08C7BLLM70,XBA6NXFNRN,2022-06-23 00:00:00,4
T9UZ61DH51,F3ZW28GT8Z,2020-08-05 00:00:00,5
ZP776TA592,PK4WT59J76,2020-09-21 00:00:00,4
PWWSZ2C0C0,AYJW7VTCMK,2019-03-20 00:00:00,5
8EL7GZZY35,X7TXD46VPL,2018-03-31 00:00:00,4
402XR80CPH,K5TMXRH1XZ,2022-11-20 00:00:00,6
W1HKN62JZ7,3SYL6VTPNB,2022-10-07 00:00:00,5
Z2GHK89ZGT,XBA6NXFNRN,2020-07-15 00:00:00,6
NT3YT5PS41,MRP4UUBPGR,2022-03-27 00:00:00,4
SKDXUCNF4G,USYJJN4YBK,2022-04-29 00:00:00,2
KNNLM2E2XU,7SR0YRPG2Z,2023-05-28 00:00:00,3
SB9FUZF491,Y9WV13L78A,2022-03-08 00:00:00,2
W1HKN62JZ7,FE4F4H1364,2019-10-12 00:00:00,2
XUXNAR0JX5,D5BBTXBANG,2018-07-27 00:00:00,6
J5GWTE2Y8S,EB1RPK49CE,2020-04-20 00:00:00,3
3WY5FGE2LN,DM9KPE3AVJ,2019-11-13 00:00:00,4
FFF3HN0R9R,3UFG1NF92Y,2022-01-16 00:00:00,3
FJRS5U3CU2,3TFY25YB8T,2019-10-05 00:00:00,6
KACN2F3N2L,KD5PDJKXS1,2018-08-06 00:00:00,7
974DVLV5U3,DM0PV58UER,2020-05-11 00:00:00,3
98NV7WFLBC,Z17KGD9T4P,2021-05-01 00:00:00,3
DUG8BJS87Z,UCV6XN2D3D,2020-07-12 00:00:00,2
BJYSW21H9S,SGW0868RUF,2019-04-06 00:00:00,5
5M3R8A5LT4,3J7E9A7Y9L,2021-11-29 00:00:00,6
JCYZTGR31L,WM62Y1LUV5,2023-01-27 00:00:00,6
RD321G6RRS,ZXJ363B1AK,2019-03-01 00:00:00,7
Y90HPFZGLT,ATGPC1GNJ7,2022-07-17 00:00:00,2
EHR0EFH5C8,U8LHB1L4G5,2018-05-26 00:00:00,3
DVH25BLWE3,HV41T4NYM3,2022-12-16 00:00:00,3
909NHYB68Z,61LEXGTDVK,2019-08-30 00:00:00,2
PHXZ2J269V,MTF1SVFP26,2023-03-01 00:00:00,3
6ED5FAE2PZ,EB1RPK49CE,2021-12-08 00:00:00,4
K8982GVPLV,EUEJ49EFBE,2021-02-16 00:00:00,5
X7TXD46VPL,DM9KPE3AVJ,2022-08-21 00:00:00,6
WXJE06S9DD,LFF8MMCRCX,2018-01-25 00:00:00,3
JS0RM26FRG,EC8AELEEME,2018-10-19 00:00:00,4
4RH7XGJ571,AJF4XTLDWL,2019-01-26 00:00:00,6
Z9T76CWJ4P,NJUPJ0TN0J,2018-08-06 00:00:00,3
98NV7WFLBC,FFF3HN0R9R,2023-03-01 00:00:00,2
HZH0B9CAVM,RD321G6RRS,2019-04-30 00:00:00,4
K5TMXRH1XZ,6373B9TGR3,2022-09-12 00:00:00,2
KVF7NFA802,41N1J2CDW5,2021-10-11 00:00:00,5
X4TTTHM4SE,E0BT89BVGD,2023-01-15 00:00:00,2
2N0WNYMA0U,KUUJYNX234,2020-09-23 00:00:00,6
ATGPC1GNJ7,ADZ2TL473M,2022-11-20 00:00:00,5
ATGPC1GNJ7,LBG83YW49G,2020-08-05 00:00:00,4
ES2ZM32LJE,2ASX11JNAV,2022-06-18 00:00:00,2
R5GMP56TSL,PK4WT59J76,2018-03-14 00:00:00,2
S7NGZTVGE8,2EE15TFZB3,2019-11-16 00:00:00,4
C9M10KEZKC,KK7Z3SNZGX,2018-08-02 00:00:00,3
VXV6C4GH08,4FHZJKV10W,2019-06-14 00:00:00,4
MSJBGV2NSA,92PD3V295C,2018-11-02 00:00:00,2
0J6G3W39U7,WUB2VYPGM9,2022-07-08 00:00:00,6
D33XE863FE,1AVDWDP10C,2023-05-02 00:00:00,2
VFNZ94TBBW,X2TX5LGJFS,2018-07-08 00:00:00,2
SB9FUZF491,K5TMXRH1XZ,2021-10-28 00:00:00,6
7PKM7JU3GW,KWJYMT6F90,2022-01-21 00:00:00,7
VXYKF1PWWP,Z17KGD9T4P,2020-11-28 00:00:00,2
JBW6EVXBFU,B7GG7GL9G9,2019-08-10 00:00:00,2
AYJW7VTCMK,Y968ZJ6SNB,2018-12-30 00:00:00,3
KVF7NFA802,SZS6HJFUDV,2020-08-21 00:00:00,3
DRU9UN37XX,U8LHB1L4G5,2021-08-02 00:00:00,7
U72P04K3TK,C07G3SDWC9,2023-06-15 00:00:00,4
3X9215U17G,6EF7XW9MWE,2020-04-02 00:00:00,6
7N6TJ1BNFC,U8LHB1L4G5,2020-11-26 00:00:00,6
3K1H1PMV2S,HUMYPZ1PUV,2023-05-15 00:00:00,3
HZH0B9CAVM,XBA6NXFNRN,2021-05-02 00:00:00,4
KXAMSC8DSX,7S4TGGSSER,2019-09-25 00:00:00,2
UKKDGDRVU5,K5TMXRH1XZ,2021-03-02 00:00:00,4
PRJ7V4P476,UH7THRPBDD,2018-03-14 00:00:00,3
R794J3S4FU,A4RWNF29UP,2021-07-27 00:00:00,5
PTCYR586F1,KXAMSC8DSX,2021-10-11 00:00:00,3
5JZVE2G36L,USYJJN4YBK,2021-06-30 00:00:00,4
L580L8K2RP,5KWSP83URU,2019-11-19 00:00:00,2
6PG4D20YTF,C4ETFF5W6M,2022-12-08 00:00:00,2
4NJ1BESP7R,3TBME4DC72,2022-03-10 00:00:00,5
2XH6VPXX97,DXLRP6LBPT,2022-01-20 00:00:00,2
W2NABV5X22,ZJZ0LMBC9V,2018-03-31 00:00:00,5
X2TX5LGJFS,8DWJ0G091A,2021-05-14 00:00:00,4
505HXYD6D6,LELY53KYG0,2022-10-19 00:00:00,5
PSV08E04HK,KNNLM2E2XU,2019-10-15 00:00:00,3
D33XE863FE,BEWF5KA8LV,2018-07-23 00:00:00,4
KK7Z3SNZGX,8G9Y0B78LU,2019-11-19 00:00:00,7
EVHAGZBK2X,4GYDE8RTN7,2019-07-17 00:00:00,2
ZRUG3PKVEK,BBZKB18L68,2020-09-21 00:00:00,2
KZX00W00WP,TE3L1H3E8G,2018-05-07 00:00:00,4
MZ1PLBFMSK,CS5AHWYKEM,2021-04-17 00:00:00,7
BV5PEWNV2M,WUB2VYPGM9,2019-07-17 00:00:00,7
SYK5HKGBFZ,Y15UBG61SE,2020-05-11 00:00:00,2
NSDJ34N1DJ,9E5B8WND75,2021-05-14 00:00:00,6
YXZ7JXD46E,AYJW7VTCMK,2022-03-27 00:00:00,7
77XUWYT8VJ,KWJYMT6F90,2018-04-07 00:00:00,3
Y15UBG61SE,FEHD8T43XK,2018-06-14 00:00:00,4
6F1AGEZKMH,GGUY8BM7PZ,2022-07-08 00:00:00,6
SEW18KNYW0,E5GV8T55UC,2022-10-28 00:00:00,4
BV5PEWNV2M,583KYN0PA8,2019-06-14 00:00:00,4
HPDUPRSGD7,MXR7LM7J4C,2020-06-11 00:00:00,2
753XBREFE1,693KYMRBVC,2018-07-16 00:00:00,3
RS2CC2A7U4,F3ZW28GT8Z,2020-09-30 00:00:00,3
UZLT53KU0H,1YZXETGCNK,2018-06-14 00:00:00,2
UKKDGDRVU5,P3LG7LRFB7,2020-09-16 00:00:00,2
W771CZGL0Y,RD321G6RRS,2019-02-16 00:00:00,2
BHJHUT38JS,WBDASMSGST,2019-11-07 00:00:00,7
KT180V8EXM,Z9T76CWJ4P,2023-05-20 00:00:00,7
JN2035FGBS,ES2ZM32LJE,2021-06-30 00:00:00,6
KT180V8EXM,C9M10KEZKC,2023-01-06 00:00:00,6
YXZ7JXD46E,EAHT6RPRM8,2021-02-15 00:00:00,3
7W728L8P0N,ZGRUTJ3DFD,2020-04-04 00:00:00,5
ZPKZYUP06K,4X6HDG07PY,2022-04-17 00:00:00,6
CBHASW44DX,YS8H5L7W09,2023-01-29 00:00:00,5
WUB2VYPGM9,SY105DC046,2018-01-26 00:00:00,7
MB36PF0RCG,6J3D30Y2BG,2020-10-31 00:00:00,6
T9UZ61DH51,X7TXD46VPL,2020-08-21 00:00:00,4
402XR80CPH,Y049XNVZCJ,2020-04-05 00:00:00,6
6J3D30Y2BG,W9GMFP82XA,2021-07-20 00:00:00,7
F1KD0RZHU1,WM62Y1LUV5,2022-03-16 00:00:00,2
K5TMXRH1XZ,T9UZ61DH51,2018-05-16 00:00:00,7
GGUY8BM7PZ,SYHFEGSDAB,2022-03-13 00:00:00,3
HPDUPRSGD7,SZS6HJFUDV,2019-04-23 00:00:00,2
FJRS5U3CU2,0J7J0AV6G0,2021-07-22 00:00:00,4
6G8U5S9M9A,653BL5TLMG,2019-08-30 00:00:00,3
YXZ7JXD46E,9V0B66ZNYB,2020-07-12 00:00:00,2
MB36PF0RCG,6373B9TGR3,2019-10-05 00:00:00,6
3SYL6VTPNB,TFUS8ZN2CT,2020-11-28 00:00:00,5
P066TER0T0,HND65BYP52,2018-05-12 00:00:00,3
PKAL5TBC5R,WUB2VYPGM9,2023-05-15 00:00:00,4
VBCJWR8BDM,78NMYD4TU4,2021-10-28 00:00:00,7
BEWF5KA8LV,NSDJ34N1DJ,2020-04-23 00:00:00,3
JBW6EVXBFU,EAHT6RPRM8,2023-02-08 00:00:00,3
NC34EYNB80,F3ZW28GT8Z,2019-03-27 00:00:00,6
DC3W3KJBGF,7VX31XTHNB,2019-10-02 00:00:00,5
E0D3UVM1FA,KNNLM2E2XU,2022-06-23 00:00:00,7
XN31D0M32M,41N1J2CDW5,2019-03-09 00:00:00,4
Y15UBG61SE,T09XXCP880,2022-02-18 00:00:00,4
GCJ8LH7SH2,FS349E6NTR,2018-12-30 00:00:00,6
T9UZ61DH51,C07G3SDWC9,2021-06-15 00:00:00,2
YRG9E2YZ3W,3K1H1PMV2S,2021-12-06 00:00:00,5
PSV08E04HK,08C7BLLM70,2019-02-16 00:00:00,6
4FHZJKV10W,08C7BLLM70,2020-08-14 00:00:00,6
PKAL5TBC5R,A8SJEDXGE8,2019-03-03 00:00:00,5
AMPDRUDUAM,UL8D0CHW1X,2023-02-08 00:00:00,3
P9RYB3NS9U,XN31D0M32M,2022-09-11 00:00:00,4
EAHT6RPRM8,6EF7XW9MWE,2023-06-04 00:00:00,2
T9UZ61DH51,7S4TGGSSER,2019-08-10 00:00:00,6
0J7J0AV6G0,SFWWV2RH7Y,2023-06-04 00:00:00,7
4SJ23RUM3H,1T0WJU8JX4,2023-01-01 00:00:00,3
9NZ3RB8M96,4RH7XGJ571,2021-07-22 00:00:00,2
Z4UE0D67J4,1T0WJU8JX4,2018-02-20 00:00:00,7
SXAG91BM2Z,3TBME4DC72,2021-02-21 00:00:00,4
DUG8BJS87Z,X4TTTHM4SE,2021-01-23 00:00:00,2
FJRS5U3CU2,SZS6HJFUDV,2018-10-13 00:00:00,3
D33XE863FE,17Z45189Z4,2020-11-26 00:00:00,6
61MP4NVMPH,1AVDWDP10C,2022-03-13 00:00:00,4
3S63NJMRPY,E5GV8T55UC,2020-05-11 00:00:00,5
CGBPL8XE5B,PDBRGPVJA0,2019-03-01 00:00:00,5
BPJ5YMTM7G,66L2D70464,2018-10-19 00:00:00,2
CKYDZLKWHD,92PD3V295C,2021-07-27 00:00:00,4
MXV9YV0RYP,AYJW7VTCMK,2022-05-09 00:00:00,7
8RXN9B8BDL,AHELYR1NC0,2019-07-13 00:00:00,6
L4Z6BJWVPB,HV41T4NYM3,2018-07-16 00:00:00,6
D5BBTXBANG,NJUPJ0TN0J,2022-01-05 00:00:00,5
TGXHACAHYN,CS5AHWYKEM,2020-04-02 00:00:00,3
V6W1UZ69PU,99UHAN9JUV,2021-07-11 00:00:00,2
FC80F1WRL9,KWJM5NZ0CY,2022-03-08 00:00:00,4
Z17KGD9T4P,08C7BLLM70,2021-10-03 00:00:00,3
Y15UBG61SE,U5F15SH2RF,2022-04-17 00:00:00,2
FE4F4H1364,5KWSP83URU,2018-09-16 00:00:00,3
17E5FT5KRK,66L2D70464,2019-04-17 00:00:00,2
SB9FUZF491,T09XXCP880,2023-01-01 00:00:00,6
8TLXLGLXBV,LSUYRFSGY8,2019-12-04 00:00:00,7
HKBWVK7Z52,RJK3DWY7C2,2020-02-21 00:00:00,5
SGW0868RUF,DU9D95WUVV,2019-10-15 00:00:00,5
B7GG7GL9G9,MRP4UUBPGR,2021-01-05 00:00:00,6
4CWU856X17,MSJBGV2NSA,2023-01-06 00:00:00,2
220,217,2022/11/16,2
211,149,2019/04/12,4
241,71,2022/04/25,2
166,120,2021/02/01,2
42,59,2021/12/15,4
55,182,2019/09/14,1
44,20,2017/10/24,1
72,147,2022/07/22,4
173,205,2017/12/27,3
19,144,2017/09/02,4
202,75,2022/01/24,1
111,57,2018/05/10,5
193,206,2020/09/25,3
177,10,2020/07/20,1
37,110,2019/02/27,1
199,197,2019/01/21,4
32,57,2020/11/27,2
52,35,2019/12/29,5
75,132,2021/04/02,3
151,84,2019/04/02,2
245,23,2022/06/28,5
57,59,2022/07/15,3
22,49,2019/08/25,4
85,105,2019/09/12,1
70,245,2022/10/13,1
77,23,2018/03/29,4
103,5,2021/12/26,3
69,106,2018/03/09,1
217,103,2019/05/06,3
126,200,2020/05/15,2
84,72,2019/01/04,2
205,237,2021/01/05,2
9,32,2019/09/16,3
162,147,2019/06/11,4
221,245,2020/12/13,5
49,199,2023/01/16,1
49,199,2020/08/06,1
218,203,2020/08/06,3
190,15,2020/07/09,5
186,77,2020/04/24,4
219,28,2019/01/08,2
240,87,2018/09/18,3
2,218,2019/06/29,3
32,189,2021/09/25,4
125,141,2020/06/05,3
2,99,2018/09/21,5
176,157,2021/08/05,3
203,65,2019/07/20,2
250,104,2018/04/06,1
175,254,2020/11/23,3
72,182,2019/01/23,4
54,87,2021/06/28,5
218,245,2022/03/25,2
60,191,2017/04/16,5
191,78,2021/02/18,4
21,57,2023/05/04,3
166,193,2022/02/24,3
177,175,2022/04/19,4
208,118,2022/03/09,4
37,124,2022/08/10,4
237,191,2022/09/13,3
162,205,2017/12/07,2
19,10,2018/03/31,5
242,71,2022/06/28,2
208,186,2020/05/24,3
31,15,2019/01/01,3
120,72,2021/08/05,4
99,231,2019/08/27,5
144,218,2020/09/15,1
83,239,2021/06/28,4
188,37,2023/04/03,5
177,173,2022/08/24,3
232,59,2019/09/26,2
96,60,2019/04/19,5
111,20,2017/11/17,3
186,35,2022/07/17,3
157,49,2021/09/05,1
10,57,2019/06/24,5
150,44,2020/01/24,5
155,45,2022/03/11,1
256,41,2017/01/28,2
180,60,2019/09/22,5
77,118,2017/12/30,5
50,63,2020/04/17,5
57,129,2022/09/15,2
171,154,2020/08/02,1
186,175,2020/10/02,5
203,250,2019/02/17,5
119,7,2020/12/04,4
189,99,2019/12/18,1
33,5,2019/09/20,5
205,146,2019/06/12,4
170,50,2017/02/11,1
74,162,2018/12/16,5
32,173,2022/03/22,4
25,87,2020/11/09,1
99,57,2018/01/26,5
150,55,2020/09/04,4
118,65,2019/08/29,5
74,78,2020/01/27,3
35,70,2022/07/02,1
128,98,2023/03/16,5
80,102,2018/03/09,2
254,128,2019/07/21,1
220,83,2022/11/01,3
133,118,2017/02/06,2
194,24,2017/01/10,3
147,10,2019/07/20,2
162,144,2023/06/01,1
84,245,2022/01/26,5
82,2,2021/03/09,2
87,203,2017/12/27,1
147,25,2022/09/02,2
123,23,2020/04/19,3
114,126,2018/06/21,2
9,40,2017/01/28,4
119,147,2023/02/10,1
128,203,2022/03/09,1
16,209,2022/05/14,4
211,231,2020/06/29,5
108,71,2022/10/27,5
183,189,2017/01/25,4
89,68,2018/01/26,1
111,46,2017/12/09,4
226,206,2022/12/15,2
59,96,2018/10/11,1
70,102,2017/05/11,5
250,120,2023/05/31,1
133,44,2018/07/11,2
14,137,2017/10/16,4
57,254,2023/04/16,3
7,165,2018/08/25,4
245,201,2020/08/24,2
203,160,2018/08/26,5
241,118,2021/08/05,4
49,119,2017/09/24,1
98,81,2019/07/01,2
37,206,2022/12/14,2
147,118,2022/11/02,5
130,96,2018/10/15,1
218,96,2021/10/03,1
83,139,2019/11/16,3
102,1,2017/03/19,4
232,21,2022/02/25,5
254,103,2023/05/27,3
12,203,2022/11/24,4
56,14,2018/03/27,4
2,193,2020/11/09,4
165,177,2017/09/10,5
35,242,2019/11/22,5
35,33,2021/04/29,1
134,234,2020/07/01,5
44,219,2020/12/09,1
171,118,2019/04/26,2
218,119,2017/09/10,5
188,232,2020/03/31,1
239,119,2021/08/14,3
50,186,2018/03/29,3
244,173,2020/04/30,3
21,182,2017/11/04,3
33,182,2019/02/26,5
165,117,2021/09/05,3
22,116,2022/12/28,5
130,37,2017/11/29,3
53,85,2020/06/05,4
231,55,2022/09/04,2
244,218,2022/02/24,4
19,99,2023/05/20,5
220,138,2021/10/14,2
199,129,2018/07/04,4
189,206,2017/01/26,5
78,162,2017/07/12,1
59,113,2020/04/24,4
72,186,2019/04/19,4
169,93,2020/10/02,5
254,230,2019/09/26,3
57,124,2023/04/21,3
11,179,2017/12/28,3
170,218,2023/05/04,2
237,55,2021/08/05,5
56,96,2022/04/21,5
51,186,2017/09/02,5
74,76,2020/03/31,5
206,32,2017/09/12,2
82,41,2018/04/07,2
150,111,2021/08/17,3
199,23,2023/04/30,1
109,179,2018/07/16,2
167,154,2021/09/05,4
172,110,2023/01/03,1
81,23,2021/07/26,3
185,218,2019/09/12,1
35,105,2022/09/09,5
25,23,2021/09/28,2
240,35,2022/04/30,5
47,107,2023/05/09,3
118,2,2021/02/24,2
183,119,2023/05/31,2
124,155,2018/10/15,2
72,160,2019/09/11,5
177,244,2017/08/03,1
215,229,2022/12/17,5
116,60,2021/07/13,1
18,41,2019/03/08,1
146,32,2022/03/30,5
48,215,2017/05/07,2
52,1,2021/12/10,5
118,237,2019/04/26,4
129,154,2020/11/18,3
224,21,2022/10/20,3
245,232,2018/01/19,5
236,189,2019/03/10,4
30,24,2022/02/01,5
226,205,2019/04/02,4
244,120,2021/04/10,5
94,99,2017/02/28,5
56,70,2019/11/22,5
20,197,2021/07/20,4
232,4,2022/01/29,5
221,94,2020/01/14,3
167,74,2020/11/29,2
37,41,2019/05/12,3
49,21,2020/09/25,2
87,5,2022/03/04,5
234,108,2021/02/24,4
197,85,2019/02/26,5
75,160,2017/10/11,2
9,45,2019/09/20,1
175,234,2019/11/11,3
116,181,2017/06/30,1
239,160,2017/02/13,3
175,90,2019/01/23,1
212,183,2019/03/23,4
16,223,2021/09/30,5
151,151,2022/01/11,3
5,160,2019/04/19,5
40,103,2022/09/13,2
174,27,2019/03/13,3
96,171,2022/04/07,1
147,45,2022/11/01,5
110,99,2019/04/27,1
20,70,2021/08/09,2
231,189,2020/03/20,5
59,55,2022/05/14,3
50,176,2022/03/11,4
40,119,2020/12/07,5
18,71,2021/06/12,5
241,74,2017/07/17,4
31,100,2022/12/28,2
57,57,2019/05/12,1
164,175,2021/12/26,2
84,113,2020/06/15,5
87,125,2019/10/20,3
184,125,2017/12/27,5
139,180,2018/10/15,5
182,50,2018/11/16,5
35,14,2020/09/02,3
185,113,2020/11/27,3
5,141,2020/01/14,2
50,77,2017/03/21,5
82,199,2020/12/14,4
154,128,2019/08/27,2
27,50,2022/09/13,2
101,74,2023/02/20,2
250,111,2022/05/05,5
116,59,2023/05/30,3
132,92,2022/09/30,3
118,204,2019/06/11,1
232,182,2019/05/03,2
129,90,2017/06/27,3
60,154,2017/11/15,5
22,25,2021/01/27,1
54,147,2023/04/03,1
56,55,2019/03/10,1
244,57,2021/04/07,5
96,197,2022/01/13,2
81,205,2020/10/17,5
61,231,2022/02/27,3
122,230,2018/09/28,3
209,99,2019/06/26,5
9,147,2022/05/13,5
87,111,2020/06/05,1
21,50,2019/08/05,4
9,203,2022/04/27,5
222,167,2018/03/21,3
254,189,2017/06/27,2
41,113,2017/11/15,2
60,81,2021/01/27,3
184,60,2020/09/21,3
182,134,2022/07/04,4
199,146,2020/04/19,3
134,10,2022/07/02,2
189,190,2018/12/27,4
144,4,2017/06/04,4
31,93,2022/08/31,2
72,250,2018/04/23,5
65,90,2023/06/14,2
118,116,2021/08/24,1
165,215,2020/09/23,4
182,244,2021/07/13,3
243,173,2018/12/16,2
204,190,2021/07/11,3
87,232,2021/11/27,4
71,186,2022/08/23,2
106,38,2022/01/18,2
229,63,2020/10/19,4
220,118,2020/11/18,2
182,173,2022/11/18,4
222,117,2021/11/07,4
43,186,2022/05/05,4
121,200,2020/01/02,3
111,111,2017/10/17,4
114,118,2019/11/22,5
40,114,2020/09/21,1
113,132,2019/11/26,5
93,134,2023/03/22,2
74,231,2021/09/05,2
73,166,2019/09/07,3
12,40,2017/05/14,4
116,191,2020/11/28,5
154,197,2021/07/11,4
106,206,2020/03/28,2
130,219,2019/08/30,1
111,245,2018/07/02,2
225,23,2023/01/04,2
103,109,2018/07/11,2
220,28,2018/04/08,3
32,191,2018/01/12,2
150,197,2021/03/04,4
5,144,2022/09/24,2
186,226,2017/11/15,5
116,217,2019/09/24,2
130,13,2019/06/29,4
97,177,2017/09/26,3
49,96,2020/01/06,2
31,124,2020/12/14,1
48,146,2017/08/29,1
33,231,2020/03/20,3
234,205,2017/05/07,4
202,44,2020/02/11,5
87,50,2022/05/10,4
233,237,2017/08/18,1
199,193,2018/09/28,3
78,190,2018/03/29,4
186,146,2020/08/06,3
209,166,2019/04/27,1
205,60,2022/01/29,5
5,72,2020/09/25,2
22,124,2022/09/15,5
117,37,2022/09/09,5
103,223,2019/04/08,1
103,233,2019/03/28,1
15,25,2021/12/30,4
35,162,2022/08/04,1
149,133,2019/08/17,2
42,170,2022/07/21,3
216,254,2019/03/05,2
254,189,2017/05/02,3
100,110,2020/05/22,4
48,90,2019/08/17,4
186,63,2021/08/02,1
78,55,2022/06/21,2
142,141,2017/01/30,5
209,154,2022/02/24,5
130,206,2022/04/07,5
30,133,2019/01/09,1
134,119,2022/07/15,2
243,173,2019/03/10,1
169,202,2019/10/20,3
14,181,2018/06/08,1
252,99,2021/11/07,2
220,27,2023/02/25,5
70,128,2021/09/28,1
77,225,2022/05/10,4
203,59,2019/03/22,4
106,14,2019/06/30,2
76,106,2018/03/12,5
165,131,2019/10/25,4
134,99,2018/08/31,2
158,237,2022/05/15,5
221,254,2017/08/04,5
2,30,2018/07/16,2
25,23,2017/10/23,3
118,55,2022/09/15,5
239,165,2020/07/14,5
18,129,2023/03/01,2
95,253,2023/05/04,2
10,166,2018/07/11,5
117,78,2021/10/07,4
82,189,2022/03/23,3
177,27,2018/07/16,5
141,121,2018/01/25,1
86,128,2018/05/08,4
242,190,2021/04/26,4
50,206,2020/04/20,2
133,239,2018/06/05,1
177,93,2020/12/05,1
11,25,2022/09/26,4
71,141,2017/04/16,3
20,173,2019/07/20,2
15,87,2019/05/09,1
21,79,2020/08/10,3
206,144,2020/07/02,1
218,206,2023/06/13,1
48,148,2019/12/29,5
48,81,2022/08/31,3
182,177,2021/12/20,3
14,50,2018/08/31,3
245,241,2021/08/01,2
147,205,2020/11/11,4
32,59,2019/04/08,1
212,204,2017/11/14,4
217,129,2017/06/11,2
144,189,2018/05/19,5
23,179,2018/11/03,3
185,68,2020/06/15,2
177,73,2018/02/04,5
26,98,2022/12/27,3
230,24,2021/08/24,5
26,32,2021/02/24,4
229,186,2019/04/02,1
25,18,2018/11/16,1
28,165,2017/06/27,4
198,230,2017/02/10,2
80,99,2018/09/28,4
180,182,2022/09/07,4
203,57,2021/12/26,1
243,30,2018/09/18,2
146,190,2017/03/20,1
31,7,2023/05/04,3
99,23,2020/04/15,1
99,1,2019/01/31,1
245,179,2023/06/14,4
185,118,2018/06/08,5
70,175,2017/09/06,3
20,38,2022/07/13,1
119,77,2017/01/26,2
244,239,2019/08/17,4
184,116,2021/04/26,5
256,24,2022/09/26,2
223,240,2020/08/06,5
130,25,2018/10/16,3
48,219,2020/10/02,2
189,144,2022/05/14,4
185,87,2022/07/02,5
138,23,2018/04/11,3
6,30,2019/09/07,5
133,107,2022/10/13,2
205,184,2018/12/27,2
6,17,2018/11/19,4
20,44,2021/07/31,2
54,24,2017/05/31,2
187,77,2018/12/16,5
206,91,2020/04/07,4
134,59,2021/11/19,5
18,175,2021/01/22,5
217,201,2017/10/17,4
218,104,2021/03/04,3
253,113,2018/11/13,1
185,74,2019/08/27,4
121,105,2023/02/04,4
4,69,2022/11/24,5
45,68,2019/03/21,3
234,245,2020/01/13,1
5,166,2018/03/22,5
147,197,2020/01/06,5
174,138,2022/09/30,3
253,40,2019/03/10,4
114,94,2018/04/07,5
166,151,2017/06/13,2
234,46,2021/08/09,4
256,157,2020/06/15,3
197,182,2020/11/06,3
218,86,2019/04/10,2
10,231,2020/10/07,3
189,105,2022/05/14,5
37,218,2020/01/06,1
188,50,2023/04/15,5
229,130,2018/03/22,2
70,182,2021/03/09,5
226,185,2019/08/07,2
28,166,2021/10/24,3
177,96,2018/01/04,2
56,242,2019/12/25,1
131,175,2022/09/24,2
116,114,2021/04/21,1
128,173,2022/04/27,4
66,50,2021/04/02,3
108,50,2018/12/26,2
52,231,2018/10/15,1
232,167,2020/08/30,1
244,133,2022/10/13,1
242,173,2017/07/27,3
50,52,2020/03/21,1
48,50,2019/09/30,1
99,209,2021/12/20,4
62,236,2022/04/21,3
53,37,2020/08/06,4
203,155,2021/01/17,4
92,93,2020/05/09,5
212,155,2022/11/02,4
41,110,2019/08/05,2
110,245,2019/12/25,1
130,141,2021/11/25,1
138,105,2022/08/04,4
84,155,2017/10/05,3
14,103,2018/08/19,4
124,184,2020/05/07,1
148,176,2017/08/18,4
118,40,2021/05/03,3
225,119,2021/11/06,1
217,155,2023/02/15,4
38,27,2020/01/19,1
218,120,2019/04/08,1
144,71,2019/02/27,2
87,70,2017/04/22,5
108,44,2018/07/13,2
196,73,2022/09/15,4
8,85,2023/06/14,2
133,118,2023/01/03,4
71,93,2019/05/03,2
146,199,2020/11/28,1
190,96,2022/05/10,3
162,146,2017/01/28,4
17,90,2020/09/28,4
38,197,2022/07/15,5
35,60,2022/08/14,3
170,37,2023/06/11,4
165,116,2017/12/18,1
93,242,2019/09/22,1
82,96,2022/09/24,1
101,50,2018/04/18,2
73,199,2022/01/13,3
206,40,2017/01/30,5
124,25,2017/10/05,2
234,137,2020/08/30,5
7,5,2020/08/10,5
33,85,2019/09/16,3
103,73,2021/09/09,5
186,44,2021/11/06,1
171,181,2018/08/31,4
49,24,2021/12/07,4
2,46,2020/02/11,1
218,55,2020/12/13,5
222,14,2022/02/25,2
92,24,2019/05/29,3
110,241,2019/06/29,1
178,176,2018/01/19,3
101,5,2019/06/26,1
99,249,2019/07/01,2
203,193,2021/02/24,2
45,99,2021/04/10,2
256,92,2019/01/09,3
1,7,2019/11/22,5
173,50,2022/08/05,5
25,181,2020/11/27,4
120,141,2022/04/07,3
96,76,2017/08/29,1
167,201,2019/12/25,5
46,164,2022/08/05,2
162,199,2021/05/09,2
38,245,2023/05/04,1
40,177,2017/05/17,5
240,57,2021/05/09,4
24,49,2023/03/22,3
221,182,2022/09/04,3
208,245,2020/05/24,3
60,121,2021/02/24,2
72,157,2019/08/25,5
60,209,2021/03/08,4
96,50,2020/05/22,1
116,198,2021/03/02,5
129,154,2018/09/17,2
166,182,2022/07/27,2
176,237,2021/03/08,4
203,92,2023/06/14,5
120,120,2018/03/21,4
13,70,2019/12/20,3
60,113,2022/03/03,2
196,245,2017/01/29,2
35,99,2019/06/08,5
92,203,2017/12/27,2
12,72,2018/09/02,1
32,75,2022/12/02,1
32,119,2020/06/04,2
28,25,2021/04/01,1
197,50,2021/10/08,2
233,71,2023/06/11,2
72,106,2021/12/25,1
56,60,2022/12/27,1
96,182,2017/11/12,5
132,85,2020/06/18,3
135,61,2020/07/01,3
50,165,2020/06/07,3
188,197,2017/08/26,1
177,70,2018/01/05,2
242,231,2018/10/16,2
141,206,2021/05/31,3
250,33,2017/05/02,5
6,86,2017/12/27,4
182,59,2020/03/28,5
82,72,2021/09/01,5
28,242,2021/08/11,3
113,200,2022/01/11,1
199,25,2018/07/16,5
39,244,2017/09/12,2
81,176,2021/03/20,1
76,100,2017/10/29,4
16,106,2019/08/05,1
226,255,2019/09/24,5
124,188,2023/01/05,5
173,215,2020/04/24,2
144,134,2022/03/11,1
182,170,2018/09/18,5
14,23,2022/07/27,3
83,32,2022/03/31,3
79,116,2022/11/16,5
175,10,2020/12/28,1
206,15,2022/01/28,2
167,219,2020/03/31,3
2,141,2019/09/03,4
3,241,2017/02/13,1
97,96,2021/03/09,1
160,173,2021/04/01,2
25,183,2019/02/26,1
150,188,2021/09/30,4
96,175,2021/07/25,3
57,129,2018/03/24,4
201,50,2023/03/11,3
44,229,2018/06/21,4
74,126,2021/10/08,2
68,10,2017/05/08,1
111,186,2020/10/02,1
101,32,2020/08/02,1
212,16,2020/01/14,3
244,208,2022/01/31,5
184,55,2018/05/07,5
199,176,2019/08/05,4
242,119,2018/06/05,1
93,40,2020/01/27,2
146,249,2023/01/26,3
208,55,2017/04/28,3
146,28,2017/04/19,5
83,203,2019/07/01,2
57,245,2019/07/01,2
79,23,2017/02/22,3
189,162,2022/09/04,1
231,24,2021/10/06,2
245,18,2022/07/02,3
177,133,2021/08/08,3
174,253,2018/02/14,3
73,242,2022/11/16,4
245,226,2020/09/23,5
239,148,2022/11/01,2
135,147,2020/08/30,5
242,16,2021/08/09,4
180,204,2022/08/14,2
110,203,2020/07/14,4
190,108,2023/05/04,4
154,116,2023/02/17,1
27,124,2021/05/31,2
209,175,2021/01/27,1
208,117,2021/11/06,2
96,105,2018/04/25,3
146,4,2018/03/09,4
116,10,2017/09/02,2
32,77,2017/12/29,3
173,203,2019/04/15,3
72,5,2019/11/08,1
133,21,2020/07/27,1
71,128,2019/08/09,1
171,44,2019/07/01,3
114,208,2017/11/29,1
204,111,2017/12/18,3
187,199,2022/11/18,5
22,180,2017/12/30,3
6,41,2019/04/12,3
186,186,2022/05/24,2
254,65,2021/06/10,5
69,242,2022/01/18,2
244,68,2017/09/28,5
237,204,2018/07/06,5
141,241,2020/06/05,1
64,77,2022/01/13,2
226,78,2017/10/05,5
40,129,2023/04/21,3
171,129,2017/01/29,3
102,218,2019/06/14,2
135,226,2017/05/31,5
44,57,2017/03/19,4
50,242,2020/06/15,3
24,35,2020/11/23,2
101,113,2022/04/19,4
5,223,2021/12/07,2
180,190,2020/10/14,1
157,41,2018/09/21,5
177,116,2022/02/01,4
199,71,2022/03/03,3
165,141,2022/05/15,1
31,6,2020/05/31,2
232,110,2017/07/09,3
179,129,2020/11/28,4
1,121,2017/10/11,4
79,40,2019/11/18,2
57,118,2021/07/31,2
231,236,2020/05/24,5
190,64,2021/02/19,5
99,106,2022/01/17,3
2,96,2018/10/25,4
49,218,2017/07/18,4
156,84,2022/06/24,5
47,120,2021/07/27,5
24,32,2017/12/29,3
90,218,2020/07/20,2
70,6,2023/04/15,1
32,218,2018/04/03,2
45,165,2019/06/08,4
187,77,2020/07/27,5
190,239,2017/03/23,3
57,209,2017/12/30,1
57,41,2017/10/23,1
204,175,2019/08/07,1
190,79,2017/04/19,4
185,173,2019/11/16,2
234,173,2021/08/09,1
48,25,2018/01/02,2
48,141,2023/06/01,3
203,87,2022/08/23,1
177,113,2020/10/02,5
60,32,2023/01/07,2
198,199,2019/03/21,4
70,96,2023/04/01,2
94,129,2019/04/15,3
24,139,2021/05/29,1
239,180,2018/10/15,1
254,175,2017/08/04,4
84,244,2019/01/01,3
84,50,2020/07/12,5
87,154,2022/12/27,3
222,60,2017/05/02,5
211,32,2022/07/04,4
134,117,2023/03/14,5
23,241,2017/11/15,2
131,23,2020/04/09,1
218,164,2020/12/07,5
37,202,2021/03/09,2
175,111,2020/07/08,4
171,206,2020/04/20,5
219,65,2019/08/26,1
199,82,2019/11/26,4
141,180,2017/10/11,4
131,14,2019/02/23,1
181,72,2017/10/17,1
117,239,2018/07/04,2
49,224,2020/03/31,2
130,184,2022/09/03,4
74,231,2018/03/16,1
71,50,2018/07/11,2
90,203,2021/04/29,3
171,145,2020/11/18,3
42,134,2021/01/05,4
113,239,2023/06/08,2
26,18,2017/03/19,4
189,15,2020/06/28,4
